﻿Designator,Footprint,Quantity,Value,LCSC Part #
BT1,AAA Side Mount,1,Battery_Cell,
"C1, C2, C9",0402,3,1uF,C52923
C10,0402,1,100nF,C1525
"C3, C4, C5, C8",0603,4,10uF,C96446
"C6, C7",0805,2,22uF,C45783
D1,D_SMA,1,Schottky,C22452
D6,0805,1,RED,C84256
D7,LED_D5.0mm-4_RGB,1,LED_RKGB,
FB1,0805,1,FerriteBead,C1015
J1,70AAJ-4-F1G,1,Conn_01x04,
J2,MOLEX_2012670005,1,2012670005,C565324
J3,PinHeader_1x04_P2.54mm_Vertical,1,Conn_01x04,
"JP1, JP2, JP3, JP4",SolderJumper-2_P1.3mm_Open_Pad1.0x1.5mm,4,Jumper_2_Open,
L1,L_Sunlord_SWPA4030S,1,1uH,C42193
Q1,SOT-23,1,PMOS,C10487
Q2,SOT-23-3,1,NMOS,C20917
"R1, R13, R16, R4",0402,4,330R,C25104
"R10, R19",0603,2,R_US,
"R11, R14, R18",0603,3,100k,C25803
"R12, R15",0603,2,5.1k,C23186
"R17, R8, R9",0402,3,100R,C25076
R2,0402,1,10k,C25744
R3,0402,1,3.3k,C25890
R5,0402,1,47k,C25792
R6,0402,1,470R,C25117
R7,0402,1,33k,C25779
SW2,SSSS812201,1,SW_SP3T,C160878
SW3,SSSS810201,1,SW_SPDT,C231762
TP1,TestPoint_Pad_D1.0mm,1,+BATT,
TP2,TestPoint_Pad_D1.0mm,1,VCC,
TP3,TestPoint_Pad_D1.0mm,1,VBUS,
TP4,TestPoint_Pad_D1.0mm,1,+3V3,
TP5,TestPoint_Pad_D1.0mm,1,STATUS,
U1,IC_BQ25172DSGR,1,BQ25172DSGR,C5189434
U2,Texas_RWU0007A_VQFN-7_2x2mm_P0.5mm,1,TPS61022,C915088
