﻿Designator,Footprint,Quantity,Value,LCSC Part #
BT1,AAA Side Mount,1,Battery_Cell,
"C1, C2, C9",0402,3,1uF,C52923
"C10, C13",0402,2,100nF,C1525
"C11, C12, C8",0603,3,10uF,C96446
D1,D_SMA,1,Schottky,C22452
"D2, D3, D4",SOT-23,3,D_TVS_Dual_AAC,C32677
D6,0805,1,RED,C84256
D7,LED_D5.0mm-4_RGB,1,LED_RKGB,
FB1,0805,1,FerriteBead,C1015
J1,70AAJ-4-F1G,1,Conn_01x04,
J2,MOLEX_2012670005,1,2012670005,C565324
"JP1, JP2, JP3, JP4",SolderJumper-2_P1.3mm_Open_RoundedPad1.0x1.5mm,4,Jumper_2_Open,
L2,L_Sunlord_SWPA3015S,1,2.2uH,C19734
Q1,SOT-23,1,PMOS,C10487
Q2,SOT-23-3,1,NMOS,C20917
"R1, R13, R16, R4",0402,4,330R,C25104
R10,0603,1,1M,C22935
R11,0603,1,180k,C22827
"R12, R15",0603,2,5.1k,C23186
"R14, R18",0603,2,100k,C25803
"R17, R8, R9",0402,3,100R,C25076
R19,0603,1,R_US,
R2,0402,1,10k,C25744
R3,0402,1,3.3k,C25890
R5,0402,1,47k,C25792
R6,0402,1,470R,C25117
R7,0402,1,33k,C25779
TP2,TestPoint_Pad_D1.0mm,1,VCC,
TP3,TestPoint_Pad_D1.0mm,1,VBUS,
TP5,TestPoint_Pad_D1.0mm,1,STATUS,
TP6,TestPoint_Pad_D1.0mm,1,+3V3,
U1,IC_BQ25172DSGR,1,BQ25172DSGR,C5189434
U3,Texas_S-PVSON-N10_ThermalVias,1,TPS61200DRC,
